-- phpMyAdmin SQL Dump
-- version 5.2.0
-- https://www.phpmyadmin.net/
--
-- Servidor: 127.0.0.1
-- Tiempo de generación: 20-06-2024 a las 04:42:41
-- Versión del servidor: 10.4.25-MariaDB
-- Versión de PHP: 8.1.10

SET SQL_MODE = "NO_AUTO_VALUE_ON_ZERO";
START TRANSACTION;
SET time_zone = "+00:00";


/*!40101 SET @OLD_CHARACTER_SET_CLIENT=@@CHARACTER_SET_CLIENT */;
/*!40101 SET @OLD_CHARACTER_SET_RESULTS=@@CHARACTER_SET_RESULTS */;
/*!40101 SET @OLD_COLLATION_CONNECTION=@@COLLATION_CONNECTION */;
/*!40101 SET NAMES utf8mb4 */;

--
-- Base de datos: `mercy_developer`
--

-- --------------------------------------------------------

--
-- Estructura de tabla para la tabla `cliente`
--

CREATE TABLE `cliente` (
  `idCliente` int(11) NOT NULL,
  `Nombre` varchar(45) NOT NULL,
  `Apellido` varchar(45) NOT NULL,
  `Correo` varchar(45) NOT NULL,
  `Telefono` varchar(45) DEFAULT NULL,
  `Direccion` varchar(45) DEFAULT NULL,
  `Estado` int(11) NOT NULL
) ENGINE=InnoDB DEFAULT CHARSET=utf8;

--
-- Volcado de datos para la tabla `cliente`
--

INSERT INTO `cliente` (`idCliente`, `Nombre`, `Apellido`, `Correo`, `Telefono`, `Direccion`, `Estado`) VALUES
(1, 'Cristobal ', 'Churriola', 'bbbbbbbbb@gmail.com', '930549972', 'Iquique 777', 1),
(2, 'Pepe', 'Tapia', 'aaaaaaaaa@gmail.com', '934782193', 'Anfotagasta 881', 1);

-- --------------------------------------------------------

--
-- Estructura de tabla para la tabla `descripcionservicio`
--

CREATE TABLE `descripcionservicio` (
  `idDescServ` int(11) NOT NULL,
  `Nombre` varchar(45) NOT NULL,
  `Servicio_idServicio` int(11) NOT NULL
) ENGINE=InnoDB DEFAULT CHARSET=utf8;

--
-- Volcado de datos para la tabla `descripcionservicio`
--

INSERT INTO `descripcionservicio` (`idDescServ`, `Nombre`, `Servicio_idServicio`) VALUES
(1, 'Instalacion Windows epicamente', 1),
(2, 'Formateo el Equipo epicamente', 2);

-- --------------------------------------------------------

--
-- Estructura de tabla para la tabla `recepcionequipo`
--

CREATE TABLE `recepcionequipo` (
  `id` int(11) NOT NULL,
  `IdCliente` int(11) NOT NULL,
  `IdServicio` int(11) NOT NULL,
  `Fecha` datetime DEFAULT NULL,
  `TipoPc` int(11) DEFAULT NULL,
  `Accesorio` varchar(45) DEFAULT NULL,
  `MarcaPc` varchar(45) DEFAULT NULL,
  `ModeloPc` varchar(45) DEFAULT NULL,
  `NSerie` varchar(45) DEFAULT NULL,
  `CapacidadRam` int(11) DEFAULT NULL,
  `TipoAlmacenamiento` int(11) DEFAULT NULL,
  `CapacidadAlmacenamiento` varchar(45) DEFAULT NULL,
  `TipoGpu` int(11) DEFAULT NULL,
  `Grafico` varchar(45) DEFAULT NULL,
  `Estado` int(11) NOT NULL
) ENGINE=InnoDB DEFAULT CHARSET=utf8;

--
-- Volcado de datos para la tabla `recepcionequipo`
--

INSERT INTO `recepcionequipo` (`id`, `IdCliente`, `IdServicio`, `Fecha`, `TipoPc`, `Accesorio`, `MarcaPc`, `ModeloPc`, `NSerie`, `CapacidadRam`, `TipoAlmacenamiento`, `CapacidadAlmacenamiento`, `TipoGpu`, `Grafico`, `Estado`) VALUES
(1, 1, 1, '2024-06-19 19:10:00', 1, 'si', 'si', 'si', 'si', 1, 1, 'parece', 1, 'parece', 1),
(2, 1, 1, '2024-06-19 19:10:00', 2, 'si', 'si', 'no', 'no', 2, 1, 'parece', 1, '???', 0),
(4, 1, 2, '2024-06-19 19:51:00', 1, '1', '1', '1', '1', 1, 1, '1', 1, '1', 1),
(5, 2, 2, '2024-06-19 19:57:00', 1, 'si', 'si', 'si', 'si', 2, 2, 'parece', 2, '???', 1);

-- --------------------------------------------------------

--
-- Estructura de tabla para la tabla `servicio`
--

CREATE TABLE `servicio` (
  `idServicio` int(11) NOT NULL,
  `Nombre` varchar(45) NOT NULL,
  `Precio` int(11) NOT NULL,
  `Sku` varchar(45) DEFAULT NULL,
  `Usuario_idUsuario` int(11) NOT NULL
) ENGINE=InnoDB DEFAULT CHARSET=utf8;

--
-- Volcado de datos para la tabla `servicio`
--

INSERT INTO `servicio` (`idServicio`, `Nombre`, `Precio`, `Sku`, `Usuario_idUsuario`) VALUES
(1, 'Instalacion de Windows', 15000, 'ABC-123-456', 1),
(2, 'Formateo de Equipo', 10000, 'XYZ-789-321', 1);

-- --------------------------------------------------------

--
-- Estructura de tabla para la tabla `usuario`
--

CREATE TABLE `usuario` (
  `idUsuario` int(11) NOT NULL,
  `Nombre` varchar(45) NOT NULL,
  `Apellido` varchar(45) NOT NULL,
  `Correo` varchar(45) NOT NULL,
  `password` varchar(45) NOT NULL
) ENGINE=InnoDB DEFAULT CHARSET=utf8;

--
-- Volcado de datos para la tabla `usuario`
--

INSERT INTO `usuario` (`idUsuario`, `Nombre`, `Apellido`, `Correo`, `password`) VALUES
(1, 'Victor', 'Guzman', 'victor@gmail.cl', '12345');

--
-- Índices para tablas volcadas
--

--
-- Indices de la tabla `cliente`
--
ALTER TABLE `cliente`
  ADD PRIMARY KEY (`idCliente`);

--
-- Indices de la tabla `descripcionservicio`
--
ALTER TABLE `descripcionservicio`
  ADD PRIMARY KEY (`idDescServ`),
  ADD KEY `fk_DescripcionServicio_Servicio1_idx` (`Servicio_idServicio`);

--
-- Indices de la tabla `recepcionequipo`
--
ALTER TABLE `recepcionequipo`
  ADD PRIMARY KEY (`id`),
  ADD KEY `fk_RecepcionEquipo_Servicio1_idx` (`IdServicio`),
  ADD KEY `fk_RecepcionEquipo_Cliente1_idx` (`IdCliente`);

--
-- Indices de la tabla `servicio`
--
ALTER TABLE `servicio`
  ADD PRIMARY KEY (`idServicio`),
  ADD KEY `fk_Servicio_Usuario_idx` (`Usuario_idUsuario`);

--
-- Indices de la tabla `usuario`
--
ALTER TABLE `usuario`
  ADD PRIMARY KEY (`idUsuario`);

--
-- AUTO_INCREMENT de las tablas volcadas
--

--
-- AUTO_INCREMENT de la tabla `cliente`
--
ALTER TABLE `cliente`
  MODIFY `idCliente` int(11) NOT NULL AUTO_INCREMENT, AUTO_INCREMENT=3;

--
-- AUTO_INCREMENT de la tabla `descripcionservicio`
--
ALTER TABLE `descripcionservicio`
  MODIFY `idDescServ` int(11) NOT NULL AUTO_INCREMENT, AUTO_INCREMENT=4;

--
-- AUTO_INCREMENT de la tabla `recepcionequipo`
--
ALTER TABLE `recepcionequipo`
  MODIFY `id` int(11) NOT NULL AUTO_INCREMENT, AUTO_INCREMENT=6;

--
-- AUTO_INCREMENT de la tabla `servicio`
--
ALTER TABLE `servicio`
  MODIFY `idServicio` int(11) NOT NULL AUTO_INCREMENT, AUTO_INCREMENT=3;

--
-- AUTO_INCREMENT de la tabla `usuario`
--
ALTER TABLE `usuario`
  MODIFY `idUsuario` int(11) NOT NULL AUTO_INCREMENT, AUTO_INCREMENT=2;

--
-- Restricciones para tablas volcadas
--

--
-- Filtros para la tabla `descripcionservicio`
--
ALTER TABLE `descripcionservicio`
  ADD CONSTRAINT `fk_DescripcionServicio_Servicio1` FOREIGN KEY (`Servicio_idServicio`) REFERENCES `servicio` (`idServicio`) ON DELETE NO ACTION ON UPDATE NO ACTION;

--
-- Filtros para la tabla `recepcionequipo`
--
ALTER TABLE `recepcionequipo`
  ADD CONSTRAINT `fk_RecepcionEquipo_Cliente1` FOREIGN KEY (`IdCliente`) REFERENCES `cliente` (`idCliente`) ON DELETE NO ACTION ON UPDATE NO ACTION,
  ADD CONSTRAINT `fk_RecepcionEquipo_Servicio1` FOREIGN KEY (`IdServicio`) REFERENCES `servicio` (`idServicio`) ON DELETE NO ACTION ON UPDATE NO ACTION;

--
-- Filtros para la tabla `servicio`
--
ALTER TABLE `servicio`
  ADD CONSTRAINT `fk_Servicio_Usuario` FOREIGN KEY (`Usuario_idUsuario`) REFERENCES `usuario` (`idUsuario`) ON DELETE NO ACTION ON UPDATE NO ACTION;
COMMIT;

/*!40101 SET CHARACTER_SET_CLIENT=@OLD_CHARACTER_SET_CLIENT */;
/*!40101 SET CHARACTER_SET_RESULTS=@OLD_CHARACTER_SET_RESULTS */;
/*!40101 SET COLLATION_CONNECTION=@OLD_COLLATION_CONNECTION */;
